{
  "timestamp": "2025-10-16T07:21:00.978864",
  "total_users": 1000,
  "psychology_analysis": {
    "psychological_stats": {
      "anxiety": {
        "mean": 0.5526478240716444,
        "std": 0.25914624233433625,
        "min": 0.10020178421523457,
        "max": 0.9998692321028481,
        "median": 0.5424889304747509
      },
      "depression": {
        "mean": 0.5561716074473406,
        "std": 0.255526524476819,
        "min": 0.1007953482864515,
        "max": 0.9997950084642134,
        "median": 0.5616584128138145
      },
      "stress": {
        "mean": 0.555377966924411,
        "std": 0.2612039209301551,
        "min": 0.10049963646905025,
        "max": 0.9997778197376493,
        "median": 0.545367807042632
      },
      "happiness": {
        "mean": 0.5550421330972208,
        "std": 0.25869281582408227,
        "min": 0.10039013163582321,
        "max": 0.9999268813960629,
        "median": 0.5611063602695796
      },
      "satisfaction": {
        "mean": 0.5484598900829387,
        "std": 0.2536149763995278,
        "min": 0.10164003147736528,
        "max": 0.9989423883673458,
        "median": 0.5643222946586937
      },
      "confidence": {
        "mean": 0.5486670624401909,
        "std": 0.2579247715380344,
        "min": 0.1000491201912348,
        "max": 0.9993736591870568,
        "median": 0.5485033695152791
      },
      "social_support": {
        "mean": 0.5561080887150713,
        "std": 0.25948257662404606,
        "min": 0.10047537171947422,
        "max": 0.9992098050442758,
        "median": 0.5547663107939196
      },
      "life_quality": {
        "mean": 0.546586019282483,
        "std": 0.26159791320394277,
        "min": 0.10004844431925292,
        "max": 0.9994606803122018,
        "median": 0.5444456884924909
      },
      "mood_score": {
        "mean": 0.5340404170218694,
        "std": 0.25707701416129536,
        "min": 0.10122177681922785,
        "max": 0.9982084125521502,
        "median": 0.5267092431011414
      },
      "energy_level": {
        "mean": 0.5502119636489262,
        "std": 0.258785365138989,
        "min": 0.10051192490930111,
        "max": 0.9992777804664774,
        "median": 0.5476179872673652
      },
      "motivation": {
        "mean": 0.5512872166717371,
        "std": 0.26254969608523315,
        "min": 0.10055919307351664,
        "max": 0.9998515441119444,
        "median": 0.56383569051933
      },
      "social_anxiety": {
        "mean": 0.5501239274832728,
        "std": 0.2628600826648341,
        "min": 0.10086325106621807,
        "max": 0.9998381209907914,
        "median": 0.549149457228968
      },
      "loneliness": {
        "mean": 0.55629002543214,
        "std": 0.2594305518050983,
        "min": 0.10004099666415497,
        "max": 0.9981323039198151,
        "median": 0.5685566132252589
      },
      "belonging": {
        "mean": 0.553738129916286,
        "std": 0.2556256564607077,
        "min": 0.1011741666348793,
        "max": 0.9998186297047607,
        "median": 0.5563551701428181
      }
    },
    "age_distribution": {
      "52": 31,
      "23": 30,
      "61": 30,
      "55": 29,
      "50": 28,
      "54": 28,
      "30": 26,
      "53": 26,
      "33": 25,
      "22": 25,
      "34": 24,
      "31": 24,
      "44": 24,
      "32": 23,
      "18": 23,
      "25": 23,
      "39": 22,
      "51": 22,
      "59": 22,
      "35": 22,
      "36": 22,
      "49": 22,
      "64": 22,
      "38": 22,
      "37": 21,
      "47": 21,
      "62": 21,
      "45": 20,
      "28": 20,
      "20": 20,
      "46": 19,
      "60": 19,
      "21": 19,
      "40": 18,
      "43": 17,
      "42": 17,
      "63": 16,
      "56": 16,
      "41": 16,
      "27": 16,
      "26": 16,
      "29": 16,
      "57": 16,
      "65": 15,
      "58": 15,
      "48": 11,
      "19": 11,
      "24": 9
    },
    "gender_distribution": {
      "other": 338,
      "female": 333,
      "male": 329
    },
    "region_distribution": {
      "Ø´ÛŒØ±Ø§Ø²": 145,
      "Ú©Ø±Ø¬": 136,
      "Ù‚Ù…": 132,
      "ØªØ¨Ø±ÛŒØ²": 127,
      "Ù…Ø´Ù‡Ø¯": 124,
      "Ø§Ù‡ÙˆØ§Ø²": 123,
      "ØªÙ‡Ø±Ø§Ù†": 117,
      "Ø§ØµÙÙ‡Ø§Ù†": 96
    },
    "language_distribution": {
      "ar": 263,
      "fa": 260,
      "en": 241,
      "tr": 236
    },
    "mental_health_index": 0.5082537221887315,
    "total_users": 1000,
    "analysis_timestamp": "2025-10-16T07:20:56.561036"
  },
  "clustering_analysis": {
    "clusters": {
      "0": {
        "size": 458,
        "percentage": 45.800000000000004,
        "characteristics": {
          "anxiety": {
            "mean": 0.5816955715341404,
            "std": 0.2549488143358687
          },
          "depression": {
            "mean": 0.5377018293782208,
            "std": 0.25123150639107034
          },
          "stress": {
            "mean": 0.5495145324308685,
            "std": 0.25856214231242164
          },
          "happiness": {
            "mean": 0.5606342281967936,
            "std": 0.26018549331908
          },
          "satisfaction": {
            "mean": 0.5898159806674339,
            "std": 0.2571397609761648
          },
          "confidence": {
            "mean": 0.5560819628507165,
            "std": 0.2543531699688483
          },
          "social_support": {
            "mean": 0.535076744646481,
            "std": 0.25917214000100475
          },
          "life_quality": {
            "mean": 0.5254066778829689,
            "std": 0.26328494475670944
          },
          "mood_score": {
            "mean": 0.565435184698045,
            "std": 0.2563147092509711
          },
          "energy_level": {
            "mean": 0.5905319443427272,
            "std": 0.2550536364390733
          },
          "motivation": {
            "mean": 0.6377463346806103,
            "std": 0.24144022812633437
          },
          "social_anxiety": {
            "mean": 0.3245684723682935,
            "std": 0.15389865082410772
          },
          "loneliness": {
            "mean": 0.5264158079418925,
            "std": 0.2535020559033917
          },
          "belonging": {
            "mean": 0.5189913245270121,
            "std": 0.2532414065294992
          }
        },
        "personality": "Ù…ØªØ¹Ø§Ø¯Ù„"
      },
      "1": {
        "size": 542,
        "percentage": 54.2,
        "characteristics": {
          "anxiety": {
            "mean": 0.5281019415295352,
            "std": 0.26035706744352294
          },
          "depression": {
            "mean": 0.57177891068656,
            "std": 0.2583026323309922
          },
          "stress": {
            "mean": 0.5603326772529027,
            "std": 0.26355228968607636
          },
          "happiness": {
            "mean": 0.5503167095628955,
            "std": 0.25757051189538754
          },
          "satisfaction": {
            "mean": 0.5135132305115386,
            "std": 0.24545309485093408
          },
          "confidence": {
            "mean": 0.5424013347870159,
            "std": 0.26097479467734463
          },
          "social_support": {
            "mean": 0.5738799624852085,
            "std": 0.2586518775209115
          },
          "life_quality": {
            "mean": 0.5644829535278285,
            "std": 0.25905852487928954
          },
          "mood_score": {
            "mean": 0.5075112590962451,
            "std": 0.2549545705523154
          },
          "energy_level": {
            "mean": 0.5161408360515816,
            "std": 0.2572433874828855
          },
          "motivation": {
            "mean": 0.4782276667675599,
            "std": 0.25762555020269
          },
          "social_anxiety": {
            "mean": 0.7407224485951924,
            "std": 0.16768423957015252
          },
          "loneliness": {
            "mean": 0.581534290396224,
            "std": 0.26192247351693737
          },
          "belonging": {
            "mean": 0.5830998215551926,